id,first_name,last_name,email,salary,gender,ip_address
1,Beitris,Lawerence,blawerence0@about.com,5559,Female,196.244.194.125
2,Sallyanne,Alliston,salliston1@ovh.net,5944,Female,109.190.6.112
3,Donia,Liell,dliell2@arizona.edu,6682,Female,208.213.102.46
4,Patricia,Chetwin,pchetwin3@a8.net,5725,Female,4.39.127.23
5,Ellynn,Daughton,edaughton4@wikispaces.com,5142,Female,135.84.132.118
6,Demetrius,Stygall,dstygall5@taobao.com,6160,Male,145.111.118.123
7,Ilyse,Custance,icustance6@sohu.com,6012,Female,18.253.133.158
8,Alysa,Guillard,aguillard7@phoca.cz,5408,Female,7.35.214.86
9,Sal,Gorgler,sgorgler8@360.cn,5756,Male,42.117.102.230
10,Freddy,Yendall,fyendall9@hostgator.com,6055,Male,77.82.186.134
11,Carmencita,Birkby,cbirkbya@mashable.com,6962,Female,232.157.89.181
12,Fidel,Lea,fleab@mlb.com,7137,Male,39.18.92.109
13,Sadye,Plues,spluesc@hostgator.com,5729,Female,153.68.208.205
14,Tami,MacGahey,tmacgaheyd@exblog.jp,7058,Female,186.43.97.199
15,Derek,Plan,dplane@quantcast.com,5571,Male,81.175.33.10
16,Durand,Beart,dbeartf@vistaprint.com,6090,Male,184.241.160.37
17,Georgena,Pechet,gpechetg@bloglines.com,6781,Female,22.223.22.117
18,Fairfax,Wagon,fwagonh@phpbb.com,5307,Male,63.148.172.182
19,Augusta,Swateridge,aswateridgei@nsw.gov.au,5078,Female,246.0.209.5
20,Blanche,Purches,bpurchesj@auda.org.au,6119,Female,224.42.185.182
21,Stephenie,Penney,spenneyk@ow.ly,6895,Female,244.65.122.122
22,Eldredge,Sewter,esewterl@sogou.com,5626,Male,191.210.106.84
23,Myrvyn,Bittlestone,mbittlestonem@google.com,6810,Male,238.241.169.204
24,Happy,Spatarul,hspataruln@mediafire.com,6081,Female,180.194.199.220
25,Nial,Van Waadenburg,nvanwaadenburgo@nytimes.com,6359,Male,66.239.218.61
26,Ara,Grieger,agriegerp@tiny.cc,6977,Male,187.43.176.239
27,Marnia,Hoofe,mhoofeq@mysql.com,7358,Female,220.230.96.151
28,Dehlia,Mintoff,dmintoffr@foxnews.com,6736,Female,149.69.252.61
29,Dre,Shay,dshays@tinypic.com,5135,Female,44.147.50.3
30,Torrence,Sigert,tsigertt@state.gov,6944,Male,11.168.71.228
31,Kenn,Holborn,kholbornu@prweb.com,6756,Male,232.204.151.131
32,Robbin,Dance,rdancev@thetimes.co.uk,5233,Female,162.32.149.58
33,Dorella,Druce,ddrucew@blogtalkradio.com,6374,Female,149.184.72.2
34,Towny,Coyish,tcoyishx@trellian.com,5244,Male,243.145.249.185
35,Whittaker,Creber,wcrebery@github.com,7352,Male,86.217.184.177
36,Ericka,Patek,epatekz@wikia.com,5483,Female,252.172.172.193
37,Shauna,Windas,swindas10@economist.com,5999,Female,51.220.237.59
38,Freddi,Cunnow,fcunnow11@issuu.com,5672,Female,0.111.129.123
39,Izak,Creak,icreak12@moonfruit.com,6461,Male,223.206.71.59
40,Erasmus,Waterman,ewaterman13@soundcloud.com,5009,Male,40.0.45.50
41,Harlene,Diviney,hdiviney14@etsy.com,6507,Female,183.152.139.192
42,Alvin,New,anew15@sun.com,6717,Male,140.79.159.102
43,Eugene,McCahey,emccahey16@xrea.com,6755,Male,25.79.90.37
44,Ninon,Wakes,nwakes17@theatlantic.com,6511,Female,46.76.82.210
45,Tamra,Decayette,tdecayette18@va.gov,5472,Female,234.170.86.234
46,Joanna,Badham,jbadham19@soundcloud.com,5502,Female,148.223.255.9
47,Karlyn,Wyant,kwyant1a@tamu.edu,5774,Female,42.77.94.164
48,Bart,Gentle,bgentle1b@google.ru,5246,Male,23.16.33.87
49,Lissie,Jevon,ljevon1c@intel.com,6373,Female,46.49.233.147
50,Shanna,Matushenko,smatushenko1d@opera.com,5860,Female,231.178.172.69
51,Anetta,Giaomozzo,agiaomozzo1e@ted.com,6255,Female,157.120.218.75
52,Delphinia,Behan,dbehan1f@microsoft.com,6289,Female,89.81.173.51
53,Francklin,Hayers,fhayers1g@auda.org.au,6573,Male,152.7.178.185
54,Gar,Steed,gsteed1h@dyndns.org,7263,Male,247.181.92.41
55,Merna,Bracknell,mbracknell1i@fema.gov,6948,Female,28.158.58.64
56,Layne,Ricciardelli,lricciardelli1j@loc.gov,5218,Female,59.120.9.177
57,Ramsey,Crutcher,rcrutcher1k@ow.ly,6306,Male,24.73.24.120
58,Charissa,Gaythorpe,cgaythorpe1l@free.fr,7195,Female,171.98.187.71
59,Pammie,Saban,psaban1m@shutterfly.com,5039,Female,212.65.210.149
60,Felicia,Avramov,favramov1n@ezinearticles.com,6388,Female,165.196.7.119
61,Saraann,Batterbee,sbatterbee1o@sphinn.com,6561,Female,132.231.243.153
62,Shelia,Witherdon,switherdon1p@vinaora.com,6844,Female,96.15.117.78
63,Delainey,Pottes,dpottes1q@icq.com,6297,Male,60.72.135.65
64,Kermy,Pressland,kpressland1r@about.com,7145,Male,101.67.250.129
65,Flemming,Gilluley,fgilluley1s@craigslist.org,5232,Male,197.62.106.211
66,Shae,Sheward,ssheward1t@typepad.com,7421,Female,149.123.137.89
67,Joline,Stutt,jstutt1u@nih.gov,6582,Female,105.51.216.194
68,Riki,Beddard,rbeddard1v@elpais.com,6228,Female,19.255.207.185
69,Broddy,Zottoli,bzottoli1w@google.co.uk,6730,Male,104.121.178.216
70,Winthrop,Bote,wbote1x@wix.com,6513,Male,202.180.166.125
71,Nathanil,Hanaford,nhanaford1y@devhub.com,7250,Male,55.147.100.146
72,Wilbur,Broun,wbroun1z@gmpg.org,6834,Male,118.188.96.113
73,Tammara,Varvell,tvarvell20@bluehost.com,7144,Female,232.200.185.57
74,Shaughn,Gulliver,sgulliver21@icio.us,6223,Male,110.96.107.162
75,Renaldo,Shepherd,rshepherd22@pagesperso-orange.fr,5599,Male,191.127.73.13
76,Benedetta,MacClenan,bmacclenan23@quantcast.com,5126,Female,66.239.216.112
77,Chev,Boddymead,cboddymead24@altervista.org,6597,Male,145.61.61.98
78,Ferrell,Malec,fmalec25@nbcnews.com,7246,Male,222.64.227.194
79,Tynan,Vanichev,tvanichev26@hatena.ne.jp,6144,Male,111.221.52.116
80,Shelley,Axtonne,saxtonne27@kickstarter.com,5767,Male,212.156.68.216
81,Hobard,Messent,hmessent28@twitpic.com,5984,Male,16.185.11.83
82,Justis,Darnody,jdarnody29@redcross.org,6840,Male,181.156.35.53
83,Valry,Singyard,vsingyard2a@over-blog.com,6451,Female,219.193.225.201
84,Zaria,Mole,zmole2b@photobucket.com,5250,Female,244.24.85.233
85,Francois,Jobling,fjobling2c@bing.com,6150,Male,1.83.119.144
86,Ileana,Whaley,iwhaley2d@bandcamp.com,6338,Female,39.250.35.184
87,Reggie,De Launde,rdelaunde2e@shareasale.com,5576,Female,95.250.164.101
88,Violet,Sparrow,vsparrow2f@unblog.fr,6597,Female,192.236.15.118
89,Mitchael,Cockitt,mcockitt2g@sakura.ne.jp,6159,Male,69.131.219.156
90,Cherye,Sunock,csunock2h@wikia.com,6449,Female,90.90.87.120
91,Antons,Caldaro,acaldaro2i@howstuffworks.com,7383,Male,31.181.76.38
92,Tresa,Blowing,tblowing2j@reverbnation.com,5935,Female,0.185.191.184
93,Tam,Winning,twinning2k@cbc.ca,5153,Male,205.201.59.126
94,Barrie,Tellenbroker,btellenbroker2l@arstechnica.com,7129,Male,50.121.208.46
95,Hortensia,Punchard,hpunchard2m@google.fr,7458,Female,34.65.111.66
96,Sebastian,Seton,sseton2n@sciencedirect.com,7396,Male,100.44.240.67
97,Raddy,Starmont,rstarmont2o@w3.org,7066,Male,131.29.18.49
98,Winonah,Bonanno,wbonanno2p@seesaa.net,5629,Female,201.250.105.62
99,Adlai,Hadwen,ahadwen2q@tmall.com,7021,Male,167.45.119.56
100,Evvy,Grayne,egrayne2r@people.com.cn,6862,Female,236.216.238.108
101,Jewel,Bruyet,jbruyet2s@hc360.com,7197,Female,140.235.101.47
102,Jacobo,Bauchop,jbauchop2t@ibm.com,6162,Male,158.89.191.163
103,Gilberta,Wilfinger,gwilfinger2u@bbc.co.uk,6713,Female,158.225.150.96
104,Arda,Jakaway,ajakaway2v@people.com.cn,5610,Female,219.167.35.46
105,Annmarie,Abelovitz,aabelovitz2w@meetup.com,7426,Female,248.241.74.131
106,Elvira,Vezey,evezey2x@networkadvertising.org,6990,Female,182.3.201.241
107,Irma,Kiddey,ikiddey2y@is.gd,7045,Female,48.127.222.213
108,Windy,Guyonnet,wguyonnet2z@blogs.com,6695,Female,104.159.57.152
109,Maryanna,Bowyer,mbowyer30@cargocollective.com,7034,Female,113.245.12.89
110,Winni,Wilford,wwilford31@devhub.com,7285,Female,77.73.65.62
111,Jamil,Frazier,jfrazier32@cbslocal.com,6562,Male,231.125.44.144
112,Helaine,Varney,hvarney33@xinhuanet.com,5771,Female,60.20.17.39
113,Broddie,Treversh,btreversh34@edublogs.org,7143,Male,66.71.90.237
114,Kathi,Awcock,kawcock35@unblog.fr,5383,Female,54.63.7.217
115,Yard,Scay,yscay36@diigo.com,5131,Male,212.184.83.142
116,Isadora,Rebichon,irebichon37@illinois.edu,5440,Female,129.189.85.32
117,Garvey,Rasor,grasor38@fema.gov,7439,Male,164.90.17.82
118,Darice,Thurborn,dthurborn39@gizmodo.com,5317,Female,194.63.112.138
119,Parke,Tembey,ptembey3a@arizona.edu,5938,Male,95.132.185.31
120,Erick,Dixcee,edixcee3b@goodreads.com,6698,Male,57.211.233.196
121,Lorri,Adderley,ladderley3c@tripod.com,5471,Female,80.124.174.123
122,Howie,Grissett,hgrissett3d@loc.gov,5315,Male,202.247.254.123
123,Kiah,Ponceford,kponceford3e@amazon.co.uk,7497,Female,231.88.143.189
124,Mercy,Wackett,mwackett3f@wikimedia.org,5417,Female,209.153.183.71
125,Inglis,Tindall,itindall3g@dailymotion.com,5144,Male,163.161.146.212
126,Honoria,Veare,hveare3h@usda.gov,7272,Female,75.76.236.219
127,Patric,Bilovsky,pbilovsky3i@infoseek.co.jp,6896,Male,108.182.188.132
128,Florette,Balf,fbalf3j@discovery.com,6032,Female,4.183.186.127
129,Esteban,Pignon,epignon3k@dedecms.com,6090,Male,214.163.132.166
130,Delora,Augur,daugur3l@sina.com.cn,6744,Female,199.126.81.0
131,Stacia,Chillcot,schillcot3m@phoca.cz,6201,Female,46.7.46.67
132,Rob,Heephy,rheephy3n@icq.com,6636,Male,130.148.147.23
133,Adrien,Duncan,aduncan3o@bbb.org,6247,Male,231.143.12.175
134,Bartolomeo,Fassbender,bfassbender3p@gizmodo.com,7313,Male,16.90.21.31
135,Meryl,Keatley,mkeatley3q@shinystat.com,5789,Male,254.79.215.97
136,Faythe,Bouller,fbouller3r@github.com,6012,Female,147.246.245.50
137,Illa,Voller,ivoller3s@alexa.com,7013,Female,84.80.11.251
138,Andrus,Deegan,adeegan3t@delicious.com,5898,Male,21.142.69.133
139,Troy,McKinn,tmckinn3u@time.com,5983,Male,156.116.71.245
140,Christos,Sivyer,csivyer3v@google.com.hk,5787,Male,100.169.242.3
141,Giffy,Meese,gmeese3w@deviantart.com,5842,Male,64.77.183.6
142,Ajay,Velareal,avelareal3x@wikispaces.com,6532,Female,49.241.127.153
143,Lalo,Braganca,lbraganca3y@blogspot.com,6745,Male,120.164.137.120
144,Mikey,Chander,mchander3z@google.co.jp,5443,Male,78.249.208.29
145,Andrey,Kellog,akellog40@addtoany.com,6677,Male,95.154.40.193
146,Carrie,Merrick,cmerrick41@comsenz.com,7264,Female,44.228.70.122
147,Clarice,McGourty,cmcgourty42@cnn.com,5691,Female,207.179.107.110
148,Electra,Bortoloni,ebortoloni43@wikispaces.com,6504,Female,188.198.105.106
149,Pascale,Lambrechts,plambrechts44@foxnews.com,7459,Male,54.53.100.148
150,Eunice,Birley,ebirley45@ifeng.com,7030,Female,4.102.188.53
151,Janel,Greenhall,jgreenhall46@sfgate.com,7067,Female,189.253.44.122
152,Laurence,Handrok,lhandrok47@prnewswire.com,6716,Male,173.75.85.67
153,Jedidiah,Lenaghen,jlenaghen48@who.int,6584,Male,6.93.96.232
154,Sibby,Heselwood,sheselwood49@last.fm,5320,Female,59.128.43.52
155,Donetta,Claussen,dclaussen4a@hhs.gov,5959,Female,144.6.7.120
156,Mord,Deane,mdeane4b@youku.com,7497,Male,189.51.51.179
157,Michaelina,Pilsworth,mpilsworth4c@salon.com,5481,Female,126.227.9.102
158,Darius,Deinhardt,ddeinhardt4d@w3.org,6264,Male,239.30.47.231
159,Cori,Heed,cheed4e@cisco.com,7444,Male,166.7.115.91
160,Corella,Bartleet,cbartleet4f@youtu.be,7439,Female,190.220.58.49
161,Lucila,Winterburn,lwinterburn4g@meetup.com,6762,Female,83.154.16.235
162,Kimmie,Tresler,ktresler4h@ask.com,5693,Female,206.189.47.91
163,Ignacio,Deniske,ideniske4i@marriott.com,7485,Male,240.155.0.145
164,Casey,Bysshe,cbysshe4j@examiner.com,6375,Female,45.187.50.127
165,Timmy,Du Hamel,tduhamel4k@sina.com.cn,6988,Male,150.109.187.113
166,West,Rodrigo,wrodrigo4l@discuz.net,6080,Male,90.23.62.70
167,Cornie,Dundendale,cdundendale4m@ed.gov,5848,Female,235.95.215.174
168,Esta,Bleazard,ebleazard4n@statcounter.com,6811,Female,157.159.39.144
169,Caitrin,Stevens,cstevens4o@princeton.edu,7127,Female,116.168.245.7
170,Corbie,Hatherall,chatherall4p@feedburner.com,6368,Male,242.215.209.240
171,Chic,Andrzejowski,candrzejowski4q@addthis.com,5605,Male,39.192.218.168
172,Buckie,Sannes,bsannes4r@typepad.com,6733,Male,127.133.95.8
173,Linn,Audas,laudas4s@tuttocitta.it,6342,Female,130.114.112.219
174,Cristi,Silberschatz,csilberschatz4t@ycombinator.com,6666,Female,190.202.99.135
175,Giorgi,Speenden,gspeenden4u@tripadvisor.com,5505,Male,16.178.200.145
176,Fallon,Parker,fparker4v@51.la,6160,Female,77.251.177.166
177,Salome,Way,sway4w@clickbank.net,5781,Female,227.255.133.122
178,Sibyl,Rakes,srakes4x@aboutads.info,5297,Male,248.240.187.189
179,Lamont,Wybourne,lwybourne4y@trellian.com,5374,Male,216.8.170.230
180,Elnore,Gascard,egascard4z@i2i.jp,6532,Female,43.70.54.248
181,Purcell,De Roos,pderoos50@behance.net,6817,Male,196.119.223.164
182,Kelbee,O' Mara,komara51@dmoz.org,5919,Male,92.34.198.131
183,Rosmunda,McLugaish,rmclugaish52@indiegogo.com,5661,Female,30.132.235.200
184,Donall,Housley,dhousley53@netlog.com,6043,Male,6.90.84.15
185,Rochella,Workman,rworkman54@psu.edu,6662,Female,250.206.63.71
186,Charlton,Cullington,ccullington55@weibo.com,7440,Male,231.147.59.62
187,Dyane,Cowherd,dcowherd56@myspace.com,6344,Female,93.221.52.89
188,Petronella,Haines,phaines57@yelp.com,6863,Female,179.88.211.188
189,Joletta,Hambrick,jhambrick58@umn.edu,6571,Female,135.14.136.189
190,Ancell,Studdal,astuddal59@trellian.com,6822,Male,69.170.42.214
191,Marv,Goodbanne,mgoodbanne5a@icq.com,5249,Male,191.141.79.250
192,Godard,Overton,goverton5b@ucoz.com,6803,Male,99.248.11.174
193,Kliment,Sarch,ksarch5c@sbwire.com,5468,Male,246.45.128.136
194,Ferdinanda,Harbottle,fharbottle5d@myspace.com,6060,Female,146.40.129.86
195,Modestine,Melby,mmelby5e@ezinearticles.com,5267,Female,25.165.66.18
196,Ralph,Whitton,rwhitton5f@webmd.com,6112,Male,30.104.136.92
197,Alonso,Sarjant,asarjant5g@acquirethisname.com,7218,Male,62.86.67.111
198,Angelle,Heeron,aheeron5h@booking.com,5049,Female,116.222.32.53
199,Lynnell,McDonnell,lmcdonnell5i@sphinn.com,6948,Female,126.163.43.250
200,Leif,Millions,lmillions5j@umich.edu,7437,Male,26.2.19.84
201,Maxine,Filipic,mfilipic5k@mozilla.org,6033,Female,131.18.172.187
202,Con,Ellicock,cellicock5l@wordpress.org,5496,Female,48.43.220.155
203,Salim,Norbury,snorbury5m@istockphoto.com,5416,Male,56.54.213.45
204,Nicolas,Luckes,nluckes5n@comcast.net,5046,Male,157.120.213.173
205,Aloysia,Machen,amachen5o@ibm.com,5207,Female,23.198.227.208
206,Evelyn,Risom,erisom5p@sakura.ne.jp,6658,Male,180.9.21.206
207,Martie,Koles,mkoles5q@usgs.gov,6028,Female,204.74.107.144
208,Saunders,McIlriach,smcilriach5r@google.cn,6877,Male,96.66.143.84
209,Lou,Sedgeworth,lsedgeworth5s@disqus.com,6497,Female,150.229.159.79
210,Archibold,McMenamie,amcmenamie5t@joomla.org,6036,Male,23.109.16.187
211,Lynn,Lansbury,llansbury5u@fc2.com,6012,Female,240.218.76.73
212,Jose,Fitzroy,jfitzroy5v@webeden.co.uk,6000,Male,6.56.117.238
213,Barbette,Philbrick,bphilbrick5w@nymag.com,6564,Female,102.110.62.42
214,Ashbey,Drewry,adrewry5x@a8.net,7133,Male,103.231.238.146
215,Victor,Cleminshaw,vcleminshaw5y@ehow.com,5978,Male,99.151.50.130
216,Gabby,Landrick,glandrick5z@vistaprint.com,7451,Male,200.248.248.198
217,Brandise,Chatell,bchatell60@gov.uk,6603,Female,40.0.38.235
218,Minni,Finlater,mfinlater61@about.me,5063,Female,144.107.41.70
219,Collete,Forder,cforder62@techcrunch.com,6661,Female,163.232.83.249
220,Derril,Innott,dinnott63@sciencedaily.com,6162,Male,248.38.60.49
221,Jenny,Debney,jdebney64@facebook.com,6281,Female,31.221.33.78
222,Glen,Attoe,gattoe65@prlog.org,5655,Male,104.226.42.206
223,Gisela,Kaminski,gkaminski66@acquirethisname.com,5761,Female,139.29.192.221
224,Rica,Ankrett,rankrett67@howstuffworks.com,6426,Female,5.77.22.168
225,Yankee,Quinney,yquinney68@people.com.cn,7403,Male,190.214.32.3
226,Averell,Greason,agreason69@craigslist.org,6436,Male,2.168.108.132
227,Celestyn,Duddle,cduddle6a@people.com.cn,5948,Female,57.117.106.47
228,Tamas,Groombridge,tgroombridge6b@printfriendly.com,5837,Male,11.228.237.26
229,Ertha,Blackborough,eblackborough6c@myspace.com,5762,Female,19.181.130.222
230,Annelise,Lentsch,alentsch6d@hexun.com,7108,Female,152.108.130.171
231,Esta,Roulston,eroulston6e@typepad.com,5823,Female,189.58.166.57
232,Nissa,Toplin,ntoplin6f@acquirethisname.com,5797,Female,51.86.251.189
233,Lian,Lovitt,llovitt6g@utexas.edu,5480,Female,29.56.39.133
234,Coop,De Bellis,cdebellis6h@mac.com,6656,Male,19.69.11.13
235,Tammy,Fesby,tfesby6i@chicagotribune.com,6643,Male,19.149.79.176
236,Trstram,Fannon,tfannon6j@themeforest.net,7415,Male,81.107.140.204
237,Ahmed,Lynnett,alynnett6k@about.me,5198,Male,23.100.17.4
238,Earlie,Matzel,ematzel6l@techcrunch.com,7250,Male,22.244.39.142
239,Flinn,McRill,fmcrill6m@pinterest.com,7459,Male,114.159.123.248
240,Elianore,Jakeman,ejakeman6n@usda.gov,6604,Female,60.131.100.125
241,Kory,Moysey,kmoysey6o@soundcloud.com,6388,Male,132.208.5.106
242,Melisa,Corballis,mcorballis6p@sfgate.com,6203,Female,88.110.204.157
243,Celesta,Willder,cwillder6q@twitpic.com,7122,Female,162.170.181.55
244,Lydon,Nickolls,lnickolls6r@ocn.ne.jp,5554,Male,39.100.108.145
245,Milka,Fanning,mfanning6s@nationalgeographic.com,5239,Female,246.220.131.215
246,Balduin,MacClancey,bmacclancey6t@uol.com.br,7186,Male,23.92.181.49
247,Novelia,Parsley,nparsley6u@de.vu,5654,Female,146.199.18.47
248,Orelle,Ubsdale,oubsdale6v@salon.com,5199,Female,157.122.81.99
249,Edwin,Monelle,emonelle6w@sfgate.com,5906,Male,243.198.26.252
250,Mendie,Cahey,mcahey6x@msn.com,7331,Male,188.150.44.248
251,Eleni,Tasker,etasker6y@github.io,5348,Female,235.135.222.255
252,Preston,Corbyn,pcorbyn6z@census.gov,7196,Male,93.194.250.41
253,Fraser,Kropp,fkropp70@sfgate.com,6329,Male,20.238.55.66
254,Elbertine,Garnham,egarnham71@joomla.org,6963,Female,68.126.142.234
255,Gabriell,Trapp,gtrapp72@wsj.com,6491,Female,156.140.234.205
256,Marcel,Butlin,mbutlin73@gravatar.com,7190,Male,149.206.11.212
257,Iosep,Gahan,igahan74@ifeng.com,7427,Male,219.136.1.42
258,Lorine,Gietz,lgietz75@people.com.cn,6817,Female,134.24.19.129
259,Pancho,Hebborn,phebborn76@utexas.edu,7208,Male,106.96.163.168
260,Angus,Hazeltine,ahazeltine77@wordpress.com,7240,Male,227.47.172.128
261,Anabal,Rockhill,arockhill78@who.int,5142,Female,197.66.131.91
262,Gothart,Congdon,gcongdon79@samsung.com,7121,Male,85.226.175.2
263,Dorene,Izak,dizak7a@moonfruit.com,5831,Female,247.36.238.54
264,Boycey,Ruckhard,bruckhard7b@hexun.com,5692,Male,233.130.69.223
265,Belia,Larcher,blarcher7c@netvibes.com,5081,Female,21.131.73.92
266,Lucina,Barham,lbarham7d@xinhuanet.com,6350,Female,23.196.33.92
267,Valdemar,Aleksandrev,valeksandrev7e@netvibes.com,7419,Male,124.81.129.225
268,Basilius,Messier,bmessier7f@ezinearticles.com,5949,Male,186.60.89.171
269,Marion,Gosnell,mgosnell7g@youtu.be,5449,Female,57.110.49.215
270,Benedict,Rudd,brudd7h@drupal.org,6564,Male,143.170.219.178
271,Rourke,Sedgmond,rsedgmond7i@about.me,6139,Male,224.58.169.38
272,Kienan,Fer,kfer7j@myspace.com,7049,Male,95.146.246.47
273,Patrizia,Monini,pmonini7k@desdev.cn,5587,Female,253.145.218.19
274,Lorelei,Stringfellow,lstringfellow7l@imdb.com,7057,Female,150.34.154.154
275,Chere,Beecroft,cbeecroft7m@mail.ru,7209,Female,205.159.173.14
276,Ulick,Cheasman,ucheasman7n@arizona.edu,6072,Male,241.27.186.239
277,Willie,Seamer,wseamer7o@biglobe.ne.jp,6323,Male,48.91.35.227
278,Ruthie,Curphey,rcurphey7p@reuters.com,7444,Female,158.8.219.106
279,Marissa,Duinbleton,mduinbleton7q@scribd.com,5991,Female,177.252.209.55
280,Gaylene,Swaine,gswaine7r@pagesperso-orange.fr,6872,Female,39.96.225.12
281,Duke,Rowlatt,drowlatt7s@mac.com,6234,Male,52.106.229.139
282,Sibley,Hollow,shollow7t@elegantthemes.com,7479,Female,192.218.111.62
283,Pauline,Decker,pdecker7u@webmd.com,6519,Female,217.83.78.55
284,Isaac,Halfpenny,ihalfpenny7v@miibeian.gov.cn,6210,Male,178.22.225.63
285,Felita,Midgely,fmidgely7w@1und1.de,5673,Female,68.155.18.140
286,Wallache,Bonwell,wbonwell7x@webs.com,5084,Male,192.247.43.142
287,Averyl,Libbe,alibbe7y@a8.net,5004,Female,221.165.48.9
288,Maurice,Gavahan,mgavahan7z@miibeian.gov.cn,5433,Male,73.81.80.114
289,Adaline,Glidder,aglidder80@biblegateway.com,5209,Female,116.242.175.155
290,Langsdon,Fayers,lfayers81@who.int,6019,Male,190.57.238.10
291,Billy,Lingner,blingner82@livejournal.com,6480,Male,90.57.177.235
292,Smith,Bateman,sbateman83@cloudflare.com,6614,Male,102.125.177.32
293,Carroll,Durant,cdurant84@accuweather.com,6756,Male,185.146.250.163
294,Ardyth,McCourtie,amccourtie85@google.com.hk,5453,Female,127.99.201.225
295,Gerik,Oldcote,goldcote86@boston.com,6558,Male,254.188.156.173
296,Prudi,Hearle,phearle87@goodreads.com,5444,Female,198.10.126.194
297,Stavros,Marfield,smarfield88@wunderground.com,5642,Male,234.61.115.248
298,Osbourne,Pechell,opechell89@usatoday.com,5557,Male,126.55.244.228
299,Sherie,Pearmine,spearmine8a@phoca.cz,5791,Female,200.48.146.23
300,Daren,Tumulty,dtumulty8b@bloomberg.com,7011,Male,15.238.146.36
301,Dev,Perocci,dperocci8c@uol.com.br,6048,Male,212.24.165.237
302,Demetris,Besemer,dbesemer8d@mac.com,5547,Female,72.139.220.133
303,Irving,M'Barron,imbarron8e@cnbc.com,5941,Male,84.140.253.35
304,Vanna,Speed,vspeed8f@tumblr.com,6197,Female,63.15.7.56
305,Con,Lording,clording8g@altervista.org,6097,Male,148.253.109.109
306,Skye,Elizabeth,selizabeth8h@lycos.com,6874,Male,196.219.210.2
307,Abraham,Bugge,abugge8i@ovh.net,6086,Male,23.69.139.243
308,Isabelle,Chawner,ichawner8j@washington.edu,5929,Female,6.164.77.161
309,Theodoric,Raise,traise8k@senate.gov,7385,Male,214.2.182.232
310,Julie,Lazenby,jlazenby8l@a8.net,6573,Male,91.85.164.238
311,Sol,Ganiford,sganiford8m@buzzfeed.com,5383,Male,251.26.211.150
312,Giffard,Heading,gheading8n@cisco.com,6241,Male,143.159.155.180
313,Deeann,Andriveau,dandriveau8o@wunderground.com,7047,Female,181.77.124.87
314,Eryn,Halliberton,ehalliberton8p@discuz.net,6909,Female,78.116.248.85
315,Khalil,Streatfeild,kstreatfeild8q@hostgator.com,7242,Male,231.234.8.234
316,Ulrika,Zack,uzack8r@usa.gov,6569,Female,248.188.176.161
317,Sheryl,Gallelli,sgallelli8s@xing.com,7370,Female,158.88.118.160
318,Tracey,Pieracci,tpieracci8t@yolasite.com,5322,Female,140.69.159.169
319,Cristobal,Acors,cacors8u@microsoft.com,5174,Male,207.193.196.129
320,Wynne,Salman,wsalman8v@qq.com,5851,Female,108.149.129.158
321,Silvain,Forrestall,sforrestall8w@networkadvertising.org,7211,Male,190.58.158.216
322,Anthony,Alvey,aalvey8x@acquirethisname.com,6959,Male,10.107.114.168
323,Ezekiel,Allright,eallright8y@netscape.com,6145,Male,128.61.19.207
324,Bryan,Shovell,bshovell8z@woothemes.com,7193,Male,144.226.253.249
325,Langsdon,Cliburn,lcliburn90@reference.com,5351,Male,245.156.6.76
326,Rivy,Paradin,rparadin91@elegantthemes.com,6751,Female,222.195.177.231
327,Jorry,Olijve,jolijve92@desdev.cn,5268,Female,83.67.72.223
328,Faustina,Shekle,fshekle93@google.co.jp,6753,Female,255.204.209.116
329,Shanda,Wardel,swardel94@zdnet.com,7010,Female,85.205.243.198
330,Moshe,Delacroux,mdelacroux95@soup.io,6943,Male,189.105.45.67
331,Randa,Shipp,rshipp96@tinypic.com,5479,Female,133.17.8.215
332,Conni,Pennick,cpennick97@imageshack.us,5145,Female,157.18.198.49
333,Simone,Bartzen,sbartzen98@miibeian.gov.cn,5281,Female,83.32.146.125
334,Evangelin,Pickthorn,epickthorn99@gmpg.org,6925,Female,89.95.136.59
335,Eve,Kitchingman,ekitchingman9a@accuweather.com,6693,Female,171.211.158.129
336,Nester,Davet,ndavet9b@dell.com,7061,Male,0.47.215.237
337,Maybelle,Draaisma,mdraaisma9c@google.nl,7083,Female,235.77.224.130
338,Barnett,Geikie,bgeikie9d@joomla.org,6181,Male,121.23.225.215
339,Preston,Ryrie,pryrie9e@4shared.com,6564,Male,218.245.166.133
340,Mortimer,Bolin,mbolin9f@pbs.org,6831,Male,106.236.224.10
341,Allayne,Cartmel,acartmel9g@vkontakte.ru,6522,Male,225.191.53.110
342,Christopher,Romaint,cromaint9h@free.fr,6610,Male,139.10.247.61
343,Addy,Clears,aclears9i@issuu.com,6313,Male,11.245.83.166
344,Dolley,Zupone,dzupone9j@google.com.br,5268,Female,126.208.53.46
345,Jessamyn,Chesher,jchesher9k@europa.eu,6512,Female,215.66.254.135
346,Paule,Janse,pjanse9l@columbia.edu,5013,Female,24.243.136.2
347,Keeley,Tolumello,ktolumello9m@guardian.co.uk,7235,Female,21.143.28.131
348,Crissie,Constable,cconstable9n@rediff.com,5844,Female,77.220.81.193
349,Marrilee,Ellinor,mellinor9o@amazon.de,5445,Female,21.5.156.241
350,Ber,Jenkins,bjenkins9p@miitbeian.gov.cn,5412,Male,66.125.227.94
351,Emmalynn,Swiffin,eswiffin9q@altervista.org,5729,Female,35.125.12.249
352,Rabbi,Jouannot,rjouannot9r@barnesandnoble.com,5941,Male,36.157.207.168
353,Boy,Kording,bkording9s@geocities.jp,5128,Male,37.132.61.254
354,Estell,Quarmby,equarmby9t@yellowpages.com,6726,Female,203.166.170.166
355,Lazar,Derrell,lderrell9u@pcworld.com,6676,Male,138.220.38.161
356,Arvy,Davidman,adavidman9v@cocolog-nifty.com,5182,Male,146.201.70.23
357,Ky,Sallnow,ksallnow9w@fema.gov,5985,Male,137.213.188.217
358,Lari,Campanelli,lcampanelli9x@cisco.com,6035,Female,216.166.177.26
359,Uta,Westmarland,uwestmarland9y@privacy.gov.au,6365,Female,41.161.226.47
360,Marsha,Dugall,mdugall9z@squarespace.com,6634,Female,159.95.199.137
361,Bettine,Dornan,bdornana0@msn.com,6681,Female,45.4.244.103
362,Kristel,Youles,kyoulesa1@parallels.com,5472,Female,238.120.125.63
363,Leonidas,Kohnert,lkohnerta2@symantec.com,6112,Male,12.104.127.103
364,Tobie,Carnelley,tcarnelleya3@dropbox.com,5387,Male,144.147.122.50
365,Terri,Varsey,tvarseya4@reuters.com,6315,Male,186.165.113.186
366,Jimmie,Harbord,jharborda5@xing.com,6812,Male,227.72.147.48
367,Darline,Moyes,dmoyesa6@odnoklassniki.ru,5504,Female,89.190.128.27
368,Elysia,Bly,eblya7@behance.net,6431,Female,171.178.159.57
369,Owen,Ubsdall,oubsdalla8@geocities.com,5827,Male,43.18.214.66
370,Nickola,Larmor,nlarmora9@homestead.com,5480,Male,147.123.156.211
371,Fred,Peracco,fperaccoaa@desdev.cn,5473,Male,19.160.49.237
372,Salvidor,Vasilyevski,svasilyevskiab@pen.io,5981,Male,230.69.134.225
373,Elsa,McKearnen,emckearnenac@narod.ru,6590,Female,169.174.120.251
374,Alix,Josham,ajoshamad@ameblo.jp,5158,Female,136.59.118.158
375,Con,Goldsmith,cgoldsmithae@bizjournals.com,5285,Male,123.94.106.140
376,Ozzy,Motte,omotteaf@blogger.com,6643,Male,243.153.188.66
377,Karoline,McAteer,kmcateerag@state.gov,6864,Female,64.154.182.159
378,Gram,Beaford,gbeafordah@tripod.com,5531,Male,59.46.136.197
379,Yuri,Bordiss,ybordissai@slideshare.net,6342,Male,215.70.9.145
380,Page,Knight,pknightaj@slashdot.org,5654,Male,149.5.128.232
381,Adolphe,Charle,acharleak@nbcnews.com,6749,Male,33.15.12.230
382,Waverly,Frede,wfredeal@bbb.org,6784,Male,50.187.158.33
383,Karlan,Wolfers,kwolfersam@oracle.com,7112,Male,140.136.49.110
384,Gerry,Bethell,gbethellan@tinypic.com,7438,Female,82.246.185.218
385,Lucky,Cobby,lcobbyao@eventbrite.com,5217,Female,59.32.186.110
386,Daron,Beevor,dbeevorap@berkeley.edu,6680,Female,130.197.3.239
387,Nollie,Andreia,nandreiaaq@nbcnews.com,6221,Male,214.69.70.119
388,Gallagher,Seager,gseagerar@moonfruit.com,6586,Male,0.180.135.250
389,Larine,Cannam,lcannamas@sciencedaily.com,5548,Female,100.78.247.178
390,Lindsy,Folley,lfolleyat@livejournal.com,7052,Female,243.12.143.209
391,Nickolai,Bardill,nbardillau@nasa.gov,6939,Male,44.126.167.41
392,Genni,Maps,gmapsav@weather.com,6183,Female,54.114.203.229
393,Claiborn,Allden,calldenaw@angelfire.com,5151,Male,213.157.169.82
394,Estevan,Facey,efaceyax@ucsd.edu,6101,Male,222.224.240.208
395,Vivien,Mattys,vmattysay@ted.com,7168,Female,99.122.147.238
396,Jacqueline,Frenzel;,jfrenzelaz@photobucket.com,6443,Female,46.147.12.150
397,Axe,Roome,aroomeb0@xrea.com,6061,Male,20.150.94.129
398,Carlota,Hambrick,chambrickb1@nhs.uk,5971,Female,145.211.84.151
399,Quill,Tabner,qtabnerb2@google.nl,5891,Male,220.141.57.105
400,Hedvig,Caughey,hcaugheyb3@twitpic.com,6753,Female,245.194.247.190
401,Gillian,Wharmby,gwharmbyb4@tamu.edu,6919,Female,184.82.116.154
402,Ronny,Steers,rsteersb5@miitbeian.gov.cn,5182,Female,255.113.113.65
403,Dori,McCaffrey,dmccaffreyb6@technorati.com,7395,Female,174.131.80.233
404,Xerxes,Alessandone,xalessandoneb7@bloglovin.com,7350,Male,173.169.119.154
405,Brier,Carlisso,bcarlissob8@gizmodo.com,6109,Female,207.35.208.216
406,Federico,Ludee,fludeeb9@tmall.com,6082,Male,103.212.199.190
407,Imelda,Lapsley,ilapsleyba@wsj.com,6338,Female,10.67.57.17
408,Garik,Retallick,gretallickbb@yelp.com,5966,Male,117.5.122.31
409,Jewell,Cyseley,jcyseleybc@ning.com,6732,Female,182.242.10.111
410,Harri,Blofeld,hblofeldbd@deliciousdays.com,6526,Female,176.38.106.28
411,Garold,Chong,gchongbe@ted.com,5505,Male,183.191.94.188
412,Helena,Van de Velde,hvandeveldebf@google.co.uk,7119,Female,209.2.244.39
413,Jerrilee,Goulbourne,jgoulbournebg@craigslist.org,5198,Female,135.50.62.127
414,Richardo,LeEstut,rleestutbh@skype.com,6824,Male,124.123.191.113
415,Paolina,Cullrford,pcullrfordbi@unblog.fr,7172,Female,127.80.114.144
416,Clementius,Salzberg,csalzbergbj@hc360.com,5343,Male,56.60.138.235
417,Waverly,Bywater,wbywaterbk@dyndns.org,6651,Male,160.157.207.249
418,Marice,Pevie,mpeviebl@about.com,5570,Female,86.78.36.55
419,Sibylla,Kief,skiefbm@blogspot.com,6960,Female,192.127.89.5
420,Phillis,Iacopini,piacopinibn@ed.gov,7431,Female,75.203.65.94
421,Gloriana,Kobpal,gkobpalbo@reverbnation.com,5394,Female,5.11.64.129
422,Valentina,Formilli,vformillibp@illinois.edu,5643,Female,17.94.133.132
423,Shayla,Grebert,sgrebertbq@ucoz.com,6898,Female,204.111.31.238
424,Thom,Giannassi,tgiannassibr@blog.com,7170,Male,54.233.50.173
425,Artie,Billing,abillingbs@last.fm,7075,Male,75.130.172.73
426,Rahal,Ortmann,rortmannbt@independent.co.uk,5681,Female,64.195.177.219
427,Gerardo,Farncomb,gfarncombbu@patch.com,7252,Male,196.19.243.216
428,Lyn,Barti,lbartibv@cyberchimps.com,6282,Female,121.214.162.73
429,Dewitt,Marien,dmarienbw@hexun.com,6464,Male,16.123.207.167
430,Margalo,Samarth,msamarthbx@businessweek.com,7301,Female,4.63.139.214
431,Liuka,Dougharty,ldoughartyby@ihg.com,7035,Female,251.113.34.243
432,Peadar,Petticrow,ppetticrowbz@hp.com,6250,Male,253.12.210.73
433,Lucienne,Rushton,lrushtonc0@unblog.fr,6826,Female,156.186.184.53
434,Ave,Obee,aobeec1@goo.gl,6739,Male,224.121.213.63
435,Ingar,Greenly,igreenlyc2@phpbb.com,5289,Male,40.212.210.222
436,Gilberta,Ferminger,gfermingerc3@newyorker.com,6705,Female,136.180.243.61
437,Hubey,Ghelarducci,hghelarduccic4@google.com.br,5380,Male,55.95.182.40
438,Lezley,Schrader,lschraderc5@irs.gov,6881,Male,64.133.227.0
439,Ibbie,Tuttiett,ituttiettc6@newsvine.com,6064,Female,84.111.157.183
440,Haskell,Iowarch,hiowarchc7@last.fm,5693,Male,108.226.196.26
441,Rebe,Vannini,rvanninic8@about.me,6906,Female,7.183.214.146
442,Bevvy,Cords,bcordsc9@cnbc.com,5628,Female,127.146.197.69
443,Rusty,Boddice,rboddiceca@google.com.hk,6757,Male,211.69.245.194
444,Lenee,Thon,lthoncb@whitehouse.gov,6918,Female,51.2.24.184
445,Borden,Inkster,binkstercc@devhub.com,5451,Male,50.144.185.66
446,Bobbette,Pounds,bpoundscd@ucoz.com,7042,Female,15.54.34.85
447,Vasilis,Maior,vmaiorce@issuu.com,5504,Male,146.23.72.83
448,Frannie,Rosenhaupt,frosenhauptcf@geocities.com,7193,Female,62.52.209.249
449,Waldemar,Jacquemet,wjacquemetcg@linkedin.com,5158,Male,174.191.70.39
450,Aime,MacGinley,amacginleych@go.com,5926,Female,139.234.164.133
451,Ab,Rowling,arowlingci@bbb.org,6256,Male,115.207.81.111
452,Elliott,Schuchmacher,eschuchmachercj@ucoz.ru,6980,Male,40.45.186.4
453,Nara,Hanway,nhanwayck@ebay.co.uk,6945,Female,210.242.188.156
454,Avrom,McMyler,amcmylercl@slashdot.org,7385,Male,149.111.58.230
455,Basil,Risebrow,brisebrowcm@rakuten.co.jp,5324,Male,172.44.205.111
456,Hedwig,Foyle,hfoylecn@pcworld.com,6571,Female,58.29.151.45
457,Lorelle,Vasilchenko,lvasilchenkoco@businessinsider.com,6539,Female,247.1.79.60
458,Brynn,Trembley,btrembleycp@ycombinator.com,5438,Female,103.7.201.41
459,Ilario,Brittan,ibrittancq@unesco.org,6555,Male,19.71.55.85
460,Terry,Kremer,tkremercr@about.com,6765,Male,162.36.32.199
461,Joelle,Carder,jcardercs@example.com,5387,Female,252.227.182.236
462,Eryn,Carncross,ecarncrossct@sciencedaily.com,6975,Female,151.77.31.84
463,Melanie,Michelet,mmicheletcu@bigcartel.com,7207,Female,211.171.44.55
464,Finn,Temporal,ftemporalcv@google.es,5264,Male,212.153.209.177
465,Madonna,Kevis,mkeviscw@comsenz.com,6225,Female,175.167.61.170
466,Had,Spatari,hspataricx@vk.com,6426,Male,100.80.108.79
467,Dorelia,Spoole,dspoolecy@jalbum.net,7234,Female,84.144.100.168
468,Meridel,Brehat,mbrehatcz@vinaora.com,5196,Female,189.63.249.111
469,Bartholomeo,Nozzolinii,bnozzoliniid0@github.io,5065,Male,50.5.45.104
470,Brook,Needs,bneedsd1@miibeian.gov.cn,7436,Male,198.113.192.72
471,Brewer,Pitblado,bpitbladod2@diigo.com,5886,Male,152.101.88.41
472,Maris,Zettoi,mzettoid3@people.com.cn,7453,Female,126.204.35.136
473,Candide,Shrubshall,cshrubshalld4@theatlantic.com,5035,Female,163.216.216.96
474,Silvana,De Clairmont,sdeclairmontd5@privacy.gov.au,5092,Female,108.250.182.121
475,Julianne,McShirrie,jmcshirried6@cpanel.net,5087,Female,142.102.172.115
476,Andrea,Ceaplen,aceaplend7@geocities.com,5683,Male,59.205.207.9
477,Sayre,Malling,smallingd8@examiner.com,6469,Male,183.166.16.223
478,Julianne,James,jjamesd9@youku.com,6787,Female,12.212.108.218
479,Whit,Hlavecek,whlavecekda@facebook.com,5029,Male,176.44.16.35
480,Rebbecca,Klimp,rklimpdb@xinhuanet.com,5032,Female,31.209.86.235
481,Suzie,Kidsley,skidsleydc@nydailynews.com,7044,Female,40.3.9.153
482,Antone,Snewin,asnewindd@technorati.com,6334,Male,34.131.208.131
483,Joan,Andrichuk,jandrichukde@clickbank.net,5885,Female,188.107.110.182
484,Thaxter,Foort,tfoortdf@theglobeandmail.com,5811,Male,120.133.112.60
485,Ev,Ceyssen,eceyssendg@arizona.edu,5784,Male,141.239.8.251
486,Sampson,Spelman,sspelmandh@cloudflare.com,7394,Male,120.160.211.154
487,Geri,Raeside,graesidedi@phoca.cz,6474,Male,254.236.194.117
488,Hally,Honniebal,hhonniebaldj@tiny.cc,5992,Female,239.126.142.192
489,Jenni,Josephoff,jjosephoffdk@weibo.com,6355,Female,75.59.107.3
490,Andy,De Michetti,ademichettidl@msu.edu,7403,Female,128.63.74.97
491,Ellswerth,Ripley,eripleydm@engadget.com,6349,Male,206.190.118.247
492,Jaquenette,Borres,jborresdn@usda.gov,5283,Female,212.218.6.221
493,Elsworth,Holdall,eholdalldo@ow.ly,5028,Male,35.14.190.145
494,Bengt,Biaggelli,bbiaggellidp@stumbleupon.com,6279,Male,44.46.155.124
495,Kelli,Raye,krayedq@macromedia.com,6291,Female,216.134.76.162
496,Whitney,Carress,wcarressdr@wikimedia.org,5921,Male,140.118.153.254
497,Gearalt,Abyss,gabyssds@microsoft.com,6258,Male,168.159.221.231
498,Sascha,Rojas,srojasdt@goodreads.com,5796,Male,173.200.78.121
499,Kerri,Leethem,kleethemdu@webs.com,6292,Female,226.36.239.237
500,Wadsworth,Besant,wbesantdv@nsw.gov.au,6063,Male,120.248.113.170
501,Emanuel,Maffei,emaffeidw@istockphoto.com,5428,Male,38.195.120.73
502,Freemon,Rodenhurst,frodenhurstdx@boston.com,6975,Male,166.54.111.124
503,Ronda,Jarnell,rjarnelldy@mail.ru,5890,Female,107.130.75.143
504,Francisco,Kynge,fkyngedz@state.tx.us,5147,Male,157.76.65.129
505,Aundrea,Elland,aellande0@fc2.com,5243,Female,177.134.43.98
506,Gennie,Ide,gidee1@instagram.com,6451,Female,137.125.192.57
507,Lin,Maffione,lmaffionee2@prnewswire.com,7258,Female,207.120.173.71
508,Evan,Broscombe,ebroscombee3@reference.com,5623,Male,130.164.54.118
509,Massimiliano,Fransson,mfranssone4@apple.com,7277,Male,110.41.146.233
510,Grant,Mushrow,gmushrowe5@slashdot.org,6429,Male,137.18.67.16
511,Lelah,Grafhom,lgrafhome6@accuweather.com,6849,Female,137.84.12.101
512,Collen,Aspel,caspele7@google.com.hk,7000,Female,160.212.12.38
513,Nelie,Okey,nokeye8@gnu.org,5525,Female,8.182.192.225
514,Goober,Lenchenko,glenchenkoe9@vkontakte.ru,7021,Male,103.4.202.123
515,Patric,Ilyushkin,pilyushkinea@google.nl,6051,Male,111.249.7.125
516,Matty,Reddihough,mreddihougheb@discuz.net,7471,Female,76.154.100.126
517,Marcelia,Worsfield,mworsfieldec@baidu.com,7063,Female,97.49.36.199
518,Guillaume,Tirone,gtironeed@booking.com,6917,Male,190.118.22.232
519,Georg,Cavaney,gcavaneyee@uol.com.br,6358,Male,200.53.244.248
520,Heywood,Andrichuk,handrichukef@rakuten.co.jp,6245,Male,36.167.34.51
521,Colby,Gounin,cgounineg@google.fr,7466,Male,88.25.246.8
522,Lezlie,Androletti,landrolettieh@artisteer.com,6292,Female,66.211.92.185
523,Carlyn,Bobasch,cbobaschei@elpais.com,5014,Female,173.80.244.40
524,Kaia,Putton,kputtonej@spiegel.de,6366,Female,11.0.243.204
525,Alasdair,Kill,akillek@qq.com,5109,Male,116.116.18.144
526,Nolan,Moody,nmoodyel@blogtalkradio.com,6569,Male,110.48.162.162
527,Catherine,Rhys,crhysem@ask.com,6472,Female,25.3.74.250
528,Rosa,Cansdall,rcansdallen@google.pl,5133,Female,102.45.91.131
529,Andy,Hoodspeth,ahoodspetheo@altervista.org,6905,Male,55.38.15.201
530,Jobina,Messam,jmessamep@shareasale.com,7152,Female,0.198.169.26
531,Averell,Sarjent,asarjenteq@nbcnews.com,5451,Male,27.55.218.236
532,Aeriel,Iorns,aiornser@fema.gov,5480,Female,72.186.219.6
533,Clem,Cuolahan,ccuolahanes@harvard.edu,5030,Female,158.127.231.48
534,Kristian,Boughtflower,kboughtfloweret@biglobe.ne.jp,5836,Male,31.70.88.213
535,Dimitri,Brokenshaw,dbrokenshaweu@alibaba.com,5754,Male,163.153.65.177
536,Raymund,Crosier,rcrosierev@dmoz.org,5883,Male,111.147.107.177
537,Dolley,Spiers,dspiersew@simplemachines.org,7188,Female,16.161.96.239
538,Audi,Lingner,alingnerex@clickbank.net,7460,Female,81.59.213.181
539,Charlot,Mixter,cmixterey@free.fr,5097,Female,199.83.82.154
540,Hilliary,Carlton,hcarltonez@ucla.edu,5132,Female,247.30.247.151
541,Casper,Celiz,ccelizf0@weebly.com,5609,Male,217.239.29.84
542,Wat,Cardenosa,wcardenosaf1@harvard.edu,5894,Male,135.168.39.89
543,Mozelle,Jarad,mjaradf2@tamu.edu,7061,Female,255.4.68.20
544,Brewer,O'Kennedy,bokennedyf3@1688.com,5600,Male,246.57.225.173
545,Corinne,Dautry,cdautryf4@cbc.ca,7292,Female,170.172.16.165
546,Cesar,Wrigley,cwrigleyf5@rakuten.co.jp,5953,Male,5.11.140.196
547,Lilith,Purcer,lpurcerf6@domainmarket.com,5496,Female,176.128.93.201
548,Eleanor,Goligly,egoliglyf7@engadget.com,5554,Female,231.58.76.106
549,Andros,Vince,avincef8@bluehost.com,6725,Male,91.74.187.58
550,Earlie,Dudeney,edudeneyf9@delicious.com,7408,Male,169.27.91.12
551,Tonnie,Goult,tgoultfa@xinhuanet.com,6722,Male,245.66.119.15
552,Lora,Skidmore,lskidmorefb@sina.com.cn,6057,Female,123.187.1.3
553,Hyacinthia,Steele,hsteelefc@123-reg.co.uk,5625,Female,17.13.86.111
554,Mohammed,O'Brogan,mobroganfd@umn.edu,7366,Male,53.240.246.34
555,Beau,Messruther,bmessrutherfe@unblog.fr,6048,Male,34.32.119.205
556,Celestia,Lind,clindff@home.pl,6379,Female,120.169.186.182
557,Candida,Benny,cbennyfg@weibo.com,7039,Female,209.252.28.141
558,Everard,McIlwraith,emcilwraithfh@sohu.com,6411,Male,122.42.223.148
559,Aviva,Bartkiewicz,abartkiewiczfi@virginia.edu,5930,Female,159.248.96.132
560,Devin,Jendrassik,djendrassikfj@deliciousdays.com,7325,Male,97.81.60.72
561,Munroe,Gasking,mgaskingfk@fastcompany.com,7462,Male,9.220.100.18
562,Andromache,Turpin,aturpinfl@ucsd.edu,6452,Female,194.55.207.184
563,Malcolm,Coslitt,mcoslittfm@drupal.org,7256,Male,169.25.205.132
564,Jayme,Ruppeli,jruppelifn@amazon.de,5953,Male,30.191.203.118
565,Roze,Phinnis,rphinnisfo@narod.ru,6238,Female,27.190.234.14
566,Arther,Knights,aknightsfp@usa.gov,5708,Male,39.130.88.132
567,Bogart,Sanders,bsandersfq@narod.ru,6980,Male,196.100.229.179
568,Barry,Piatkow,bpiatkowfr@princeton.edu,7324,Male,140.235.100.47
569,Whit,McRae,wmcraefs@oakley.com,7101,Male,74.208.128.72
570,Jamie,Smuth,jsmuthft@fastcompany.com,6902,Male,152.58.65.174
571,Brander,Furst,bfurstfu@drupal.org,7489,Male,147.86.106.203
572,Bat,Allenby,ballenbyfv@bravesites.com,5388,Male,183.42.46.104
573,Colan,Wevell,cwevellfw@dailymotion.com,7007,Male,89.128.166.80
574,Wilone,Preist,wpreistfx@exblog.jp,6553,Female,136.243.133.214
575,Gabie,Bosket,gbosketfy@live.com,6175,Female,238.12.240.232
576,Genovera,Topp,gtoppfz@house.gov,5615,Female,131.166.117.12
577,Angelique,Boarleyson,aboarleysong0@dmoz.org,5777,Female,251.63.18.1
578,Jonell,Cady,jcadyg1@psu.edu,5231,Female,251.249.190.223
579,Norbert,Tonn,ntonng2@theguardian.com,6226,Male,205.41.209.11
580,Emily,McSaul,emcsaulg3@1688.com,7136,Female,46.19.105.178
581,Florentia,Lehr,flehrg4@elegantthemes.com,6411,Female,50.60.13.68
582,Erhart,Densey,edenseyg5@skype.com,5959,Male,46.186.77.113
583,Janna,Eatock,jeatockg6@webeden.co.uk,6236,Female,165.1.43.205
584,Hagan,Cuffley,hcuffleyg7@surveymonkey.com,6657,Male,141.139.22.73
585,Yulma,MacTrustram,ymactrustramg8@histats.com,5585,Male,99.92.179.196
586,Godfry,De Metz,gdemetzg9@newsvine.com,6148,Male,161.44.9.75
587,Dyann,Peasegood,dpeasegoodga@cloudflare.com,5181,Female,22.103.164.220
588,Josephina,Matuszak,jmatuszakgb@fotki.com,6597,Female,75.244.181.14
589,Giraldo,Ibotson,gibotsongc@dedecms.com,7014,Male,143.164.50.2
590,Garry,Lantiff,glantiffgd@ca.gov,5173,Male,189.26.140.230
591,Batsheva,Cafe,bcafege@xrea.com,7008,Female,14.41.51.69
592,Spencer,Sadd,ssaddgf@hugedomains.com,5067,Male,13.214.149.89
593,Reamonn,Rojahn,rrojahngg@cocolog-nifty.com,6147,Male,17.12.214.156
594,Farleigh,McInulty,fmcinultygh@sogou.com,5514,Male,177.9.199.91
595,Fraser,Vuitte,fvuittegi@gravatar.com,5608,Male,133.135.197.90
596,Harvey,Worthington,hworthingtongj@google.ca,5874,Male,100.5.245.35
597,Janine,Seabert,jseabertgk@google.fr,6747,Female,159.106.8.227
598,Noak,Letteresse,nletteressegl@addtoany.com,5203,Male,11.63.149.30
599,Codie,Ericsson,cericssongm@topsy.com,7259,Female,9.239.19.115
600,Eba,Pankettman,epankettmangn@bing.com,6558,Female,187.140.192.98
601,Izaak,Gisbye,igisbyego@ftc.gov,5560,Male,161.192.232.239
602,Immanuel,McLoney,imcloneygp@businesswire.com,5478,Male,151.133.154.94
603,Lela,Behr,lbehrgq@whitehouse.gov,6410,Female,203.231.101.74
604,Dahlia,Filyakov,dfilyakovgr@amazon.de,6767,Female,240.123.58.212
605,Sherman,Garken,sgarkengs@scribd.com,7295,Male,17.135.192.10
606,Chelsey,Wilderspoon,cwilderspoongt@microsoft.com,5625,Female,249.211.183.195
607,Sacha,Bilbie,sbilbiegu@booking.com,6600,Female,193.166.169.98
608,Walton,Medeway,wmedewaygv@patch.com,6695,Male,240.177.122.85
609,Randi,MacCole,rmaccolegw@is.gd,5600,Male,123.134.37.135
610,Tyrus,Yanne,tyannegx@microsoft.com,5030,Male,233.252.189.213
611,Tedi,Raffon,traffongy@bandcamp.com,6593,Female,189.150.50.187
612,Loella,Newlands,lnewlandsgz@blog.com,7046,Female,207.139.223.114
613,Wilie,Clemoes,wclemoesh0@cam.ac.uk,6619,Female,8.70.225.165
614,Shermy,Rowbotham,srowbothamh1@hubpages.com,7031,Male,255.99.176.54
615,Grannie,Sewill,gsewillh2@fc2.com,7065,Male,182.175.105.113
616,Jessika,Blinerman,jblinermanh3@webeden.co.uk,7396,Female,109.244.243.140
617,Antoine,Bould,abouldh4@hc360.com,5113,Male,13.58.116.101
618,Barbabas,Kleynermans,bkleynermansh5@sbwire.com,7402,Male,254.122.252.121
619,Clem,Hanning,channingh6@meetup.com,5819,Male,174.239.101.101
620,Brendis,Papa,bpapah7@constantcontact.com,6058,Male,10.154.225.142
621,Grenville,Champ,gchamph8@gravatar.com,5199,Male,130.27.26.129
622,Olivie,Aleksandrov,oaleksandrovh9@g.co,6491,Female,110.120.44.148
623,Jillie,Dewdeny,jdewdenyha@youtu.be,7139,Female,162.17.64.226
624,Tawsha,Tewkesbury.,ttewkesburyhb@xing.com,7111,Female,221.11.141.69
625,Celestyna,Mowsdill,cmowsdillhc@dailymotion.com,6175,Female,103.185.155.126
626,Andris,McPhillimey,amcphillimeyhd@apple.com,5676,Male,58.100.10.142
627,Chrisse,Glowacha,cglowachahe@loc.gov,6400,Male,117.189.254.212
628,Berkeley,Handscomb,bhandscombhf@mayoclinic.com,5166,Male,220.83.107.16
629,Rana,Hedge,rhedgehg@boston.com,6259,Female,193.197.77.42
630,Weston,Kendal,wkendalhh@wikimedia.org,5797,Male,52.191.168.253
631,Darlleen,Tweddle,dtweddlehi@boston.com,7404,Female,190.213.140.109
632,Brittany,Durram,bdurramhj@ustream.tv,6854,Female,240.120.29.198
633,Pedro,Boydon,pboydonhk@de.vu,6926,Male,53.67.33.116
634,Zonnya,Bonallack,zbonallackhl@ameblo.jp,7276,Female,216.35.84.60
635,Rolf,Benedit,rbenedithm@elpais.com,5071,Male,127.158.220.103
636,Josephina,Nind,jnindhn@npr.org,6234,Female,100.30.242.192
637,Marlo,Parmer,mparmerho@zimbio.com,6128,Female,146.46.46.139
638,Graehme,Snodden,gsnoddenhp@scribd.com,6097,Male,73.228.97.153
639,Andreana,Ruxton,aruxtonhq@illinois.edu,7165,Female,138.198.138.37
640,Briggs,Jarry,bjarryhr@arizona.edu,6383,Male,53.161.18.35
641,Aylmer,Balaisot,abalaisoths@noaa.gov,6821,Male,24.142.54.109
642,Alicea,Eastbury,aeastburyht@weebly.com,6698,Female,48.144.61.247
643,Henka,Paolone,hpaolonehu@ed.gov,6414,Female,165.154.206.76
644,Celie,Leyrroyd,cleyrroydhv@smh.com.au,6525,Female,151.239.171.236
645,Dionisio,Holleran,dholleranhw@nytimes.com,5964,Male,234.244.240.113
646,Jone,Barrowclough,jbarrowcloughhx@telegraph.co.uk,5063,Male,99.94.57.221
647,Henrietta,Hiscoe,hhiscoehy@hubpages.com,5573,Female,76.91.250.97
648,Hayden,Wasling,hwaslinghz@dagondesign.com,7267,Male,196.83.232.23
649,Maje,MacAndreis,mmacandreisi0@auda.org.au,5941,Male,250.68.155.58
650,Jacob,Fogel,jfogeli1@amazonaws.com,5240,Male,141.6.25.70
651,Darcy,Whotton,dwhottoni2@123-reg.co.uk,6210,Male,17.216.239.115
652,Cynthie,Bauldry,cbauldryi3@icio.us,5769,Female,103.173.64.155
653,Pegeen,Redit,prediti4@mysql.com,7352,Female,64.162.109.156
654,Travus,Elcoate,telcoatei5@symantec.com,5135,Male,36.53.84.129
655,Malynda,Kellington,mkellingtoni6@webmd.com,5393,Female,164.148.167.99
656,Aguie,Francillo,afrancilloi7@youtu.be,7463,Male,216.25.107.148
657,Corrina,Blondelle,cblondellei8@umn.edu,6919,Female,213.6.59.115
658,Foss,Heeks,fheeksi9@posterous.com,6945,Male,169.254.227.124
659,Arther,Jackes,ajackesia@nationalgeographic.com,6826,Male,165.43.233.51
660,Briana,De Blasi,bdeblasiib@opensource.org,5021,Female,1.123.244.115
661,Helsa,Powton,hpowtonic@hubpages.com,7077,Female,123.216.7.21
662,Emilie,Adamoli,eadamoliid@hhs.gov,6367,Female,105.21.101.198
663,Quintus,Golagley,qgolagleyie@salon.com,6829,Male,169.3.177.2
664,Marta,Durtnell,mdurtnellif@msu.edu,6161,Female,69.141.56.190
665,Ernie,Philpotts,ephilpottsig@ibm.com,7358,Male,104.10.251.135
666,Sid,MacGray,smacgrayih@twitter.com,6659,Male,137.51.41.115
667,Kristi,Backen,kbackenii@netscape.com,6832,Female,84.88.215.52
668,Susanne,Van Der Vlies,svandervliesij@sciencedaily.com,7150,Female,168.236.61.12
669,Coraline,Woodus,cwoodusik@ebay.com,5965,Female,121.149.55.95
670,Steward,Petriello,spetrielloil@gizmodo.com,5059,Male,191.164.166.191
671,Jase,Ourry,jourryim@microsoft.com,7223,Male,58.179.38.132
672,Gennifer,Aireton,gairetonin@latimes.com,7185,Female,228.36.153.237
673,Devan,Dunkersley,ddunkersleyio@parallels.com,5328,Female,134.21.76.143
674,Elton,Laybourn,elaybournip@woothemes.com,7382,Male,83.161.211.48
675,Roseanne,Walkling,rwalklingiq@theglobeandmail.com,5043,Female,194.136.233.58
676,Wilona,Ebsworth,websworthir@php.net,6264,Female,208.171.128.132
677,Mark,Yarker,myarkeris@microsoft.com,7085,Male,95.179.245.117
678,Artur,Lauks,alauksit@bbc.co.uk,6620,Male,211.11.15.215
679,See,Stonehewer,sstoneheweriu@diigo.com,6134,Male,236.75.16.64
680,Kelby,Mourge,kmourgeiv@washington.edu,7352,Male,162.0.217.234
681,Cecilius,Demangel,cdemangeliw@businessweek.com,6697,Male,57.149.22.249
682,Chev,Luppitt,cluppittix@comcast.net,5573,Male,170.123.160.130
683,Marianna,Rockhall,mrockhalliy@bing.com,5537,Female,143.3.191.214
684,Johannes,de Merida,jdemeridaiz@google.es,7045,Male,6.122.177.125
685,Ysabel,Knappen,yknappenj0@cnbc.com,5705,Female,212.193.116.84
686,Ingra,McQuode,imcquodej1@yandex.ru,6939,Male,254.245.94.130
687,Yvon,Esposita,yespositaj2@list-manage.com,5692,Male,87.217.147.6
688,Alika,Agastina,aagastinaj3@ca.gov,5515,Female,32.173.84.118
689,Bernie,Stathor,bstathorj4@umich.edu,5127,Male,87.230.16.65
690,Barbey,Francescuccio,bfrancescuccioj5@ucoz.ru,6144,Female,224.232.13.24
691,Dov,Hubbold,dhubboldj6@wp.com,5362,Male,196.255.240.175
692,Alexei,Schimpke,aschimpkej7@github.com,5002,Male,155.57.169.38
693,Gustav,Brugden,gbrugdenj8@ucla.edu,7293,Male,53.249.40.65
694,Alfie,Benion,abenionj9@thetimes.co.uk,5964,Female,142.0.93.136
695,Merrill,Taphouse,mtaphouseja@wix.com,5931,Female,185.64.218.186
696,Garrick,Measures,gmeasuresjb@nih.gov,6458,Male,78.234.102.30
697,Auberon,Poulton,apoultonjc@microsoft.com,6357,Male,64.196.133.16
698,Glenn,Paulet,gpauletjd@nyu.edu,7377,Male,247.247.44.100
699,Guglielmo,Drake,gdrakeje@twitpic.com,6610,Male,226.63.74.5
700,Bertha,Davydenko,bdavydenkojf@moonfruit.com,5811,Female,84.38.6.167
701,Rubi,Osgarby,rosgarbyjg@fc2.com,5836,Female,57.60.244.10
702,Agnes,Carah,acarahjh@liveinternet.ru,6672,Female,189.213.31.44
703,Raddy,Bee,rbeeji@omniture.com,6752,Male,47.124.246.100
704,Vikki,Kertess,vkertessjj@utexas.edu,6937,Female,90.148.48.194
705,Tobiah,Foggarty,tfoggartyjk@fema.gov,6253,Male,66.245.37.78
706,Ramonda,Riolfi,rriolfijl@wired.com,6957,Female,214.222.123.95
707,Honor,Biddlecombe,hbiddlecombejm@51.la,6888,Female,94.106.243.128
708,Betty,Shoosmith,bshoosmithjn@people.com.cn,6871,Female,123.221.195.225
709,Bernete,Merle,bmerlejo@squarespace.com,5961,Female,102.150.146.116
710,Faustina,Shepherdson,fshepherdsonjp@utexas.edu,6209,Female,14.180.15.143
711,Jeff,Tissington,jtissingtonjq@usa.gov,5110,Male,96.110.231.111
712,Anson,Mulroy,amulroyjr@wp.com,5551,Male,63.18.196.48
713,Meara,Sheeran,msheeranjs@go.com,6746,Female,241.15.221.91
714,Gordy,Spraging,gspragingjt@samsung.com,6011,Male,101.152.233.40
715,Edi,Castelain,ecastelainju@gizmodo.com,6327,Female,8.45.182.174
716,Marybelle,Lemoir,mlemoirjv@apache.org,5374,Female,209.244.158.236
717,Wallis,Stealfox,wstealfoxjw@sogou.com,5245,Male,250.144.180.135
718,Ariel,Crasswell,acrasswelljx@geocities.jp,5137,Female,241.120.138.74
719,Adela,Rahill,arahilljy@sina.com.cn,7079,Female,121.173.38.218
720,Faber,Dulany,fdulanyjz@columbia.edu,6729,Male,70.112.189.96
721,Giordano,Derx,gderxk0@princeton.edu,5652,Male,232.220.104.122
722,Megan,Edland,medlandk1@acquirethisname.com,6042,Female,114.75.226.98
723,Bonny,Woolvett,bwoolvettk2@utexas.edu,6859,Female,176.247.222.44
724,Francoise,Feacham,ffeachamk3@irs.gov,5057,Female,68.125.111.195
725,Hilarius,Ghidoni,hghidonik4@yolasite.com,5805,Male,168.51.232.70
726,Camel,Glennon,cglennonk5@jigsy.com,5644,Female,116.195.142.187
727,Alanah,Littlejohn,alittlejohnk6@webeden.co.uk,6776,Female,253.86.176.0
728,Parke,Tulip,ptulipk7@51.la,7401,Male,90.125.171.26
729,Tadeas,Dacke,tdackek8@linkedin.com,5544,Male,180.189.65.4
730,Alberta,Blaxlande,ablaxlandek9@google.com.au,5360,Female,244.165.98.142
731,Manya,Clementucci,mclementuccika@mit.edu,5347,Female,155.85.215.194
732,Phineas,Haggidon,phaggidonkb@oakley.com,6729,Male,75.79.35.184
733,Delbert,Robjant,drobjantkc@list-manage.com,6096,Male,193.169.8.153
734,Shela,Stronough,sstronoughkd@ca.gov,6644,Female,177.64.241.146
735,Nanete,Ladley,nladleyke@europa.eu,5710,Female,98.164.245.12
736,Carmine,Kubes,ckubeskf@meetup.com,6016,Female,174.197.122.207
737,Bridgette,Tunn,btunnkg@dailymotion.com,7260,Female,81.65.125.117
738,Fara,Itzchaki,fitzchakikh@google.es,6456,Female,155.160.192.26
739,Gilburt,Rooney,grooneyki@4shared.com,6480,Male,198.116.106.169
740,Matthias,Banghe,mbanghekj@who.int,7254,Male,118.89.148.33
741,Trip,McCromley,tmccromleykk@printfriendly.com,5867,Male,163.151.148.49
742,Kingsly,Heavy,kheavykl@google.it,7346,Male,126.208.215.176
743,Rubie,McGivena,rmcgivenakm@independent.co.uk,6718,Female,150.177.59.178
744,Roi,Yockney,ryockneykn@noaa.gov,6427,Male,27.122.98.173
745,Cornell,Beckerleg,cbeckerlegko@studiopress.com,6103,Male,42.173.180.232
746,Athene,MacGillreich,amacgillreichkp@sbwire.com,7387,Female,22.155.61.210
747,Far,Culshaw,fculshawkq@comcast.net,7376,Male,192.146.178.234
748,Clevie,McInnerny,cmcinnernykr@economist.com,5485,Male,62.7.124.138
749,Kingsley,Gilluley,kgilluleyks@netlog.com,5246,Male,19.195.128.129
750,Noel,Oswick,noswickkt@netlog.com,5567,Male,53.91.149.229
751,Duff,Rosin,drosinku@state.gov,6428,Male,66.10.225.101
752,Dorella,Bourdis,dbourdiskv@comsenz.com,6701,Female,122.205.225.111
753,Linnet,Cranefield,lcranefieldkw@cloudflare.com,5537,Female,116.250.83.245
754,Amabel,Smeath,asmeathkx@istockphoto.com,7210,Female,2.72.91.174
755,Mira,Dowman,mdowmanky@hud.gov,5605,Female,116.244.128.162
756,Gabriell,Elies,gelieskz@ca.gov,7362,Female,120.192.136.141
757,Kerstin,Astbury,kastburyl0@bbc.co.uk,5227,Female,126.159.245.73
758,Wallis,Bayly,wbaylyl1@google.ca,7125,Female,7.204.9.166
759,Dawna,Nunnerley,dnunnerleyl2@foxnews.com,5536,Female,13.183.192.135
760,Wain,Dreng,wdrengl3@eventbrite.com,5246,Male,116.114.82.123
761,Stanislas,Ganforth,sganforthl4@rediff.com,6426,Male,1.8.160.59
762,Ninnetta,Leidecker,nleideckerl5@ebay.com,6085,Female,102.164.130.49
763,Hadleigh,Liddell,hliddelll6@constantcontact.com,7024,Male,144.70.58.42
764,Elga,Cowey,ecoweyl7@hc360.com,6327,Female,117.14.9.20
765,Rey,Goodisson,rgoodissonl8@creativecommons.org,7251,Male,84.178.124.113
766,Delinda,de Guerre,ddeguerrel9@princeton.edu,6175,Female,196.89.80.52
767,Laurice,Klousner,lklousnerla@e-recht24.de,5768,Female,0.92.134.230
768,Carolee,Cantopher,ccantopherlb@etsy.com,6262,Female,71.73.146.87
769,Joletta,Tregido,jtregidolc@upenn.edu,6388,Female,47.166.30.21
770,Jason,Tother,jtotherld@sbwire.com,7033,Male,149.198.8.99
771,Budd,Shapira,bshapirale@gizmodo.com,6912,Male,67.205.157.82
772,Mikaela,Huggard,mhuggardlf@123-reg.co.uk,5310,Female,238.195.47.93
773,Temp,Davidy,tdavidylg@behance.net,6651,Male,203.233.67.63
774,Fonzie,Hawkswood,fhawkswoodlh@state.tx.us,6772,Male,78.219.117.90
775,Binnie,Winskill,bwinskillli@xrea.com,6158,Female,86.252.180.158
776,Sayre,Smolan,ssmolanlj@sogou.com,6243,Male,121.128.56.190
777,Sinclair,Yerson,syersonlk@nps.gov,6483,Male,153.216.124.199
778,Niel,Roath,nroathll@usa.gov,6954,Male,3.183.0.70
779,Polly,Tilt,ptiltlm@tinyurl.com,5962,Female,217.84.250.131
780,Marsh,Fonte,mfonteln@foxnews.com,6915,Male,32.229.225.28
781,Christina,Nucator,cnucatorlo@wisc.edu,5431,Female,17.123.9.173
782,Gabrila,Aulsford,gaulsfordlp@dropbox.com,6812,Female,99.122.184.94
783,Reider,Demelt,rdemeltlq@webs.com,7239,Male,111.167.47.181
784,Marilin,Janowski,mjanowskilr@shop-pro.jp,6344,Female,147.193.47.60
785,Freddy,Knellen,fknellenls@tumblr.com,5662,Male,115.232.218.180
786,Florina,Zimmerman,fzimmermanlt@homestead.com,6998,Female,213.3.54.246
787,Deena,Garham,dgarhamlu@bloglines.com,5245,Female,161.111.178.51
788,Caddric,Robertelli,crobertellilv@cocolog-nifty.com,6353,Male,162.42.34.84
789,Nick,Colloby,ncollobylw@washingtonpost.com,6541,Male,97.79.45.173
790,Kahlil,Foulcher,kfoulcherlx@businessinsider.com,5829,Male,116.34.125.129
791,Rowen,Rosling,rroslingly@clickbank.net,6971,Male,31.110.154.20
792,Haskell,Dhennin,hdhenninlz@miibeian.gov.cn,5226,Male,251.45.136.226
793,Cliff,Shoebrook,cshoebrookm0@example.com,5752,Male,74.230.19.167
794,Moria,Noyce,mnoycem1@sciencedirect.com,6735,Female,152.103.250.183
795,Jeremy,Fiddler,jfiddlerm2@wp.com,7315,Male,170.24.115.233
796,Jaye,Bartlam,jbartlamm3@cmu.edu,7321,Male,214.121.37.92
797,Luca,Feye,lfeyem4@omniture.com,6818,Male,69.127.31.47
798,Tate,Ricketts,trickettsm5@de.vu,7392,Male,216.183.158.137
799,Jakob,McIlmorow,jmcilmorowm6@goo.gl,7125,Male,8.111.51.81
800,Shurlocke,Mattheis,smattheism7@free.fr,5556,Male,53.131.65.188
801,Babs,Chese,bchesem8@arstechnica.com,6725,Female,85.253.140.225
802,Roselle,Beaby,rbeabym9@taobao.com,6546,Female,82.62.168.197
803,Garvy,Mogra,gmograma@illinois.edu,7335,Male,57.254.135.110
804,Dareen,Firks,dfirksmb@prlog.org,5861,Female,220.51.2.6
805,Wes,Guisby,wguisbymc@ameblo.jp,7077,Male,101.181.40.46
806,Mervin,Swepson,mswepsonmd@sciencedirect.com,7386,Male,42.240.70.17
807,Franciskus,Biddwell,fbiddwellme@ebay.com,5367,Male,68.3.188.48
808,Barbara-anne,Warrillow,bwarrillowmf@wp.com,5624,Female,74.107.171.122
809,Mart,Matts,mmattsmg@buzzfeed.com,7426,Male,209.62.16.47
810,Jimmie,Lysaght,jlysaghtmh@wordpress.org,5020,Male,156.11.191.139
811,Ardisj,Stollenhof,astollenhofmi@reddit.com,5820,Female,55.245.51.112
812,Kariotta,Tebald,ktebaldmj@xing.com,5836,Female,102.161.50.19
813,Aldis,Witton,awittonmk@xing.com,6869,Male,42.47.210.205
814,Yolanda,Surpliss,ysurplissml@gravatar.com,5797,Female,31.1.91.178
815,Kenneth,Cordel,kcordelmm@thetimes.co.uk,5487,Male,165.37.250.251
816,Eran,Crohan,ecrohanmn@webs.com,6140,Female,134.31.70.183
817,Wandis,Devanny,wdevannymo@csmonitor.com,7459,Female,55.201.146.86
818,Rutter,Blackborow,rblackborowmp@huffingtonpost.com,5134,Male,24.107.134.32
819,Hewie,Matuszak,hmatuszakmq@fastcompany.com,7428,Male,238.231.255.84
820,Jenni,Faulds,jfauldsmr@usatoday.com,5835,Female,252.72.64.241
821,Nathanil,Maiden,nmaidenms@gmpg.org,6784,Male,106.29.40.23
822,Brietta,Olivetta,bolivettamt@cam.ac.uk,6086,Female,7.224.73.126
823,Josie,Frisch,jfrischmu@free.fr,5363,Female,101.43.245.246
824,Ignacio,Starbeck,istarbeckmv@timesonline.co.uk,5865,Male,211.133.58.216
825,Boothe,Astin,bastinmw@weather.com,7331,Male,171.255.152.60
826,Jorrie,Feitosa,jfeitosamx@shinystat.com,5995,Female,166.175.191.156
827,Darell,Coldwell,dcoldwellmy@si.edu,5348,Female,87.98.15.238
828,Perry,Scanlan,pscanlanmz@google.cn,6784,Male,23.206.163.174
829,Conway,Thunderman,cthundermann0@cam.ac.uk,5342,Male,72.214.87.116
830,Vassili,Cattel,vcatteln1@marriott.com,5485,Male,181.110.113.113
831,Mayor,Adnett,madnettn2@earthlink.net,5101,Male,129.86.193.165
832,Ashlan,Silwood,asilwoodn3@macromedia.com,7315,Female,237.137.166.252
833,Latrina,Miquelet,lmiqueletn4@google.com.br,5796,Female,10.10.235.209
834,Devlen,Penberthy,dpenberthyn5@histats.com,5665,Male,198.54.80.221
835,Jaquenette,Saunter,jsauntern6@geocities.jp,6010,Female,0.27.50.250
836,Dannye,McKibbin,dmckibbinn7@diigo.com,6417,Female,2.196.71.89
837,Ardeen,Billingsly,abillingslyn8@spotify.com,6397,Female,63.39.83.14
838,Christiane,Mordan,cmordann9@sogou.com,5080,Female,0.0.108.59
839,Barb,Georgeou,bgeorgeouna@livejournal.com,5463,Female,20.176.246.248
840,Reece,Winscum,rwinscumnb@seesaa.net,5892,Male,182.116.63.7
841,Saxe,Hunnybun,shunnybunnc@hc360.com,6949,Male,242.114.100.176
842,Tudor,Pester,tpesternd@gmpg.org,5226,Male,206.57.166.71
843,Prescott,Oakinfold,poakinfoldne@elegantthemes.com,6353,Male,131.76.43.252
844,Joyan,McElroy,jmcelroynf@cnet.com,6350,Female,215.233.170.193
845,Dion,Buttle,dbuttleng@webmd.com,6254,Male,118.16.95.54
846,Karoly,A'Barrow,kabarrownh@skyrock.com,6163,Female,195.107.207.118
847,Rossie,Edworthy,redworthyni@digg.com,5149,Male,4.103.189.62
848,Gabriel,Fogden,gfogdennj@mysql.com,5200,Male,203.59.242.0
849,Sven,Joules,sjoulesnk@google.es,6402,Male,163.233.110.193
850,Dionysus,Plott,dplottnl@sphinn.com,5547,Male,229.203.21.154
851,Darill,Billham,dbillhamnm@parallels.com,5419,Male,181.192.225.194
852,Teddi,Byfford,tbyffordnn@wisc.edu,5092,Female,120.129.23.119
853,Sherilyn,Heister,sheisterno@nhs.uk,5140,Female,60.147.114.18
854,Clerc,Eastway,ceastwaynp@slate.com,5437,Male,179.105.24.221
855,Frannie,Japp,fjappnq@mayoclinic.com,5070,Male,126.108.246.14
856,Natalya,Camel,ncamelnr@i2i.jp,5777,Female,152.248.135.125
857,Kerianne,Chessun,kchessunns@wikia.com,7462,Female,81.169.113.135
858,Nobe,Stansbie,nstansbient@paginegialle.it,5634,Male,37.46.15.187
859,Edna,Korfmann,ekorfmannnu@ucoz.ru,6856,Female,109.181.163.161
860,Any,Learie,alearienv@paginegialle.it,6259,Male,95.83.210.164
861,Conway,Branwhite,cbranwhitenw@newyorker.com,6082,Male,94.80.153.225
862,Charo,Gamlen,cgamlennx@so-net.ne.jp,5134,Female,176.33.37.175
863,Jaine,Uc,jucny@newsvine.com,6900,Female,248.224.157.239
864,Hillie,Palombi,hpalombinz@examiner.com,5435,Male,6.106.89.67
865,Mathew,Dallemore,mdallemoreo0@nba.com,6323,Male,114.69.172.42
866,Joyce,Ethridge,jethridgeo1@dagondesign.com,5635,Female,227.90.251.201
867,Pierrette,Tinsey,ptinseyo2@psu.edu,7248,Female,212.4.143.158
868,Kristofer,Scotchforth,kscotchfortho3@businessinsider.com,6464,Male,94.64.68.249
869,Allene,Solomonides,asolomonideso4@hexun.com,5974,Female,152.34.62.72
870,Elia,Eouzan,eeouzano5@bloglines.com,6429,Male,14.202.111.25
871,Loy,Gerrill,lgerrillo6@usnews.com,5577,Male,165.236.190.87
872,Jany,Moody,jmoodyo7@theatlantic.com,5363,Female,168.129.116.17
873,Addy,Wallege,awallegeo8@google.pl,7432,Female,231.113.241.62
874,Catlaina,Bullcock,cbullcocko9@nifty.com,5177,Female,229.192.87.72
875,Albrecht,Eadmeades,aeadmeadesoa@163.com,6299,Male,173.71.188.241
876,Yehudi,Timny,ytimnyob@nasa.gov,6552,Male,59.58.164.162
877,Anastassia,Seagood,aseagoodoc@hp.com,5400,Female,177.240.85.92
878,Bobby,Arrault,barraultod@archive.org,7469,Female,126.97.41.209
879,Devina,Friar,dfriaroe@google.com.au,6557,Female,203.55.118.118
880,Adrianne,Aldren,aaldrenof@ted.com,6797,Female,62.167.119.166
881,Robby,Killford,rkillfordog@admin.ch,6690,Female,221.118.175.242
882,Edi,Maier,emaieroh@apple.com,6958,Female,159.226.106.102
883,Elfreda,Bonwell,ebonwelloi@amazon.co.uk,7137,Female,87.191.135.34
884,Jo-ann,Troni,jtronioj@cam.ac.uk,6435,Female,38.42.36.171
885,Zed,Izkovitz,zizkovitzok@si.edu,5616,Male,71.52.18.110
886,Barbey,Maddern,bmaddernol@samsung.com,5095,Female,79.200.130.45
887,Arielle,Romayn,aromaynom@independent.co.uk,5409,Female,57.174.207.207
888,Rickert,McNeice,rmcneiceon@amazon.de,5961,Male,238.205.166.220
889,Maggie,Orsman,morsmanoo@amazon.de,5847,Female,144.141.88.22
890,Ara,Raikes,araikesop@printfriendly.com,5996,Male,166.62.71.86
891,Alastair,Olphert,aolphertoq@eventbrite.com,5804,Male,117.199.159.103
892,Jeff,Germain,jgermainor@about.com,5552,Male,218.12.108.228
893,Conway,Pettiford,cpettifordos@zimbio.com,6385,Male,23.5.116.125
894,Addy,Cronshaw,acronshawot@desdev.cn,5962,Male,146.27.123.144
895,Alanna,Chivrall,achivrallou@ning.com,5432,Female,240.157.137.18
896,Nikki,Gledhill,ngledhillov@nbcnews.com,6656,Male,168.40.115.187
897,Jaime,Charlick,jcharlickow@addtoany.com,5197,Female,91.133.78.46
898,Standford,Rodgman,srodgmanox@indiatimes.com,7244,Male,209.159.170.19
899,Tore,Darridon,tdarridonoy@parallels.com,5397,Male,198.92.48.82
900,Marlyn,Clancy,mclancyoz@wunderground.com,5175,Female,166.188.2.245
901,Sawyere,Macknish,smacknishp0@hibu.com,5908,Male,119.235.20.136
902,Samuel,Brickett,sbrickettp1@stumbleupon.com,5875,Male,112.28.163.123
903,Abbott,Hagston,ahagstonp2@rediff.com,5872,Male,122.4.112.230
904,Kyla,Stealfox,kstealfoxp3@fastcompany.com,6465,Female,37.246.166.251
905,Tristam,Wickham,twickhamp4@e-recht24.de,5250,Male,196.141.86.51
906,Isabel,Revening,ireveningp5@sourceforge.net,7143,Female,219.82.248.107
907,Cassius,Clark,cclarkp6@theguardian.com,5283,Male,139.172.210.148
908,Jarret,Chimenti,jchimentip7@arizona.edu,5319,Male,220.215.70.154
909,Noah,Costerd,ncosterdp8@barnesandnoble.com,6588,Male,11.160.65.224
910,Dawna,Callendar,dcallendarp9@zdnet.com,6609,Female,28.188.206.190
911,Gay,O'Hingerty,gohingertypa@mail.ru,5138,Male,176.199.166.108
912,Benedicta,Faircley,bfaircleypb@example.com,5602,Female,167.211.54.153
913,Tiffani,Ennion,tennionpc@nymag.com,6674,Female,127.150.157.123
914,Adham,Crotty,acrottypd@opera.com,5240,Male,106.81.184.6
915,Mischa,Tineman,mtinemanpe@friendfeed.com,5882,Male,99.235.96.242
916,Lowe,Glendza,lglendzapf@homestead.com,5728,Male,160.231.200.209
917,Deedee,McGeffen,dmcgeffenpg@1und1.de,6368,Female,208.17.198.232
918,Valera,Spinney,vspinneyph@geocities.jp,6018,Female,18.209.54.9
919,Paxon,Maybey,pmaybeypi@rediff.com,7209,Male,172.111.137.189
920,Worthington,Marians,wmarianspj@paypal.com,7412,Male,228.75.145.78
921,Edwin,Sansum,esansumpk@over-blog.com,5974,Male,156.88.196.17
922,Perice,Herety,pheretypl@blogtalkradio.com,5233,Male,114.162.59.220
923,Maurizia,Ferney,mferneypm@hostgator.com,5671,Female,169.113.142.110
924,Jeanine,Wycliff,jwycliffpn@cbslocal.com,7226,Female,121.129.0.172
925,Jeanette,Ronaldson,jronaldsonpo@about.com,6068,Female,138.176.227.162
926,Jamesy,Poone,jpoonepp@clickbank.net,5761,Male,163.177.92.147
927,Candice,Bouch,cbouchpq@photobucket.com,5256,Female,147.73.78.103
928,Cchaddie,Wotherspoon,cwotherspoonpr@diigo.com,5817,Male,15.236.75.253
929,Audrye,Broseke,abrosekeps@ifeng.com,5108,Female,150.232.118.159
930,Dugald,Hixson,dhixsonpt@telegraph.co.uk,5264,Male,24.93.135.87
931,Gerard,Lashmore,glashmorepu@ted.com,6782,Male,26.148.24.37
932,Elmo,Upex,eupexpv@ameblo.jp,6233,Male,221.64.230.187
933,Sanders,Dalziell,sdalziellpw@reverbnation.com,5474,Male,166.208.165.218
934,Yank,Castiglione,ycastiglionepx@engadget.com,5666,Male,130.23.189.206
935,Hilly,Harrowing,hharrowingpy@acquirethisname.com,5387,Male,164.151.100.243
936,Gilbert,Bourthoumieux,gbourthoumieuxpz@sitemeter.com,6880,Male,115.213.22.13
937,Kathryn,Caustick,kcaustickq0@webnode.com,5283,Female,223.213.185.3
938,Dukie,Smullin,dsmullinq1@theatlantic.com,6687,Male,235.97.38.31
939,Marshal,Giddy,mgiddyq2@usnews.com,6058,Male,69.185.164.138
940,Cord,Godart,cgodartq3@npr.org,6568,Male,200.238.25.84
941,Nappy,Styant,nstyantq4@harvard.edu,5842,Male,105.43.246.234
942,Lucio,Kays,lkaysq5@angelfire.com,5703,Male,13.243.7.104
943,Ros,Rawcliff,rrawcliffq6@loc.gov,5277,Female,36.55.74.179
944,Oliy,Clapson,oclapsonq7@telegraph.co.uk,5771,Female,196.93.82.8
945,Gradeigh,Bridgstock,gbridgstockq8@ed.gov,6497,Male,76.67.231.212
946,Ella,Haack,ehaackq9@myspace.com,6305,Female,246.181.37.140
947,Garnet,Hayers,ghayersqa@phpbb.com,5286,Female,46.25.127.228
948,Gilligan,O'Flynn,goflynnqb@mysql.com,7070,Female,114.8.152.22
949,Donaugh,Gerb,dgerbqc@guardian.co.uk,6011,Male,185.242.21.65
950,Carena,MacSkeagan,cmacskeaganqd@samsung.com,5820,Female,197.123.107.148
951,Walt,Fussell,wfussellqe@hubpages.com,6427,Male,249.105.124.121
952,Duffy,Di Francecshi,ddifrancecshiqf@omniture.com,5330,Male,110.236.243.114
953,Mufi,Giveen,mgiveenqg@usgs.gov,5876,Female,3.207.221.97
954,Monti,Nicholl,mnichollqh@forbes.com,7191,Male,110.187.230.83
955,Lena,Cosby,lcosbyqi@tmall.com,7442,Female,222.201.85.246
956,Shawn,Deeth,sdeethqj@auda.org.au,7042,Male,231.122.43.118
957,Evelyn,McKerlie,emckerlieqk@archive.org,5342,Male,47.94.70.3
958,Erma,Iwanczyk,eiwanczykql@example.com,7369,Female,73.244.69.142
959,Hedwiga,Boullen,hboullenqm@ibm.com,6491,Female,3.106.30.157
960,Maurice,Tookey,mtookeyqn@live.com,6982,Male,181.92.52.123
961,Katey,Horsburgh,khorsburghqo@newyorker.com,5436,Female,102.232.155.41
962,Crysta,Newbegin,cnewbeginqp@smugmug.com,6394,Female,135.46.129.192
963,Gottfried,McCaghan,gmccaghanqq@chron.com,6210,Male,210.172.245.205
964,Sabine,Blinckhorne,sblinckhorneqr@twitter.com,7207,Female,74.134.205.108
965,Tersina,Trudgion,ttrudgionqs@free.fr,6440,Female,39.78.250.230
966,Winnifred,Tunnoch,wtunnochqt@fastcompany.com,5510,Female,224.187.54.78
967,Deane,Chadwin,dchadwinqu@google.es,6473,Male,150.6.247.172
968,Nerte,Back,nbackqv@dyndns.org,5450,Female,130.73.100.196
969,Peta,Harce,pharceqw@amazon.co.uk,7129,Female,69.98.190.176
970,Marrissa,Linnit,mlinnitqx@ted.com,7001,Female,115.140.137.106
971,Calvin,Witterick,cwitterickqy@ca.gov,6154,Male,200.20.30.145
972,Chiquita,Adds,caddsqz@addthis.com,6512,Female,109.51.74.211
973,Anya,Mottram,amottramr0@prnewswire.com,6648,Female,56.175.95.54
974,Vina,Cord,vcordr1@uiuc.edu,5513,Female,176.97.166.46
975,Katleen,Stayte,kstayter2@about.me,5132,Female,194.163.129.160
976,Sutherland,Danelut,sdanelutr3@godaddy.com,6358,Male,225.58.88.170
977,Hadrian,Linthead,hlintheadr4@angelfire.com,6518,Male,28.52.11.124
978,Tobi,Webland,tweblandr5@cloudflare.com,7051,Female,150.91.150.110
979,Erny,Mance,emancer6@freewebs.com,5033,Male,233.30.214.199
980,Amii,Nawton,anawtonr7@github.io,5943,Female,170.239.189.147
981,Lita,Elstone,lelstoner8@live.com,6210,Female,20.118.57.197
982,Rossie,Watkiss,rwatkissr9@sina.com.cn,6157,Male,253.107.201.27
983,Glad,Saice,gsaicera@yahoo.co.jp,5930,Female,56.116.15.77
984,Rolph,Mongan,rmonganrb@narod.ru,6466,Male,94.147.54.133
985,Goldia,Dunster,gdunsterrc@dedecms.com,6857,Female,200.253.225.85
986,Karisa,Kleynen,kkleynenrd@nbcnews.com,5285,Female,33.219.29.228
987,Upton,O'Harney,uoharneyre@nationalgeographic.com,7476,Male,33.20.227.253
988,Tandi,Oglevie,toglevierf@economist.com,6957,Female,59.248.235.85
989,Rossy,Brownsill,rbrownsillrg@ning.com,5499,Male,213.40.175.150
990,Saba,Dawes,sdawesrh@zdnet.com,7249,Female,49.205.188.94
991,Adela,Riding,aridingri@amazon.co.jp,7305,Female,22.83.217.211
992,Benn,Lendrem,blendremrj@uiuc.edu,5378,Male,232.146.253.27
993,Denise,Bambury,dbamburyrk@disqus.com,6528,Female,81.246.108.98
994,Cynthea,McEntee,cmcenteerl@go.com,6336,Female,66.94.160.68
995,Roberto,Chaikovski,rchaikovskirm@sakura.ne.jp,5967,Male,204.113.231.15
996,Miguel,Lorenz,mlorenzrn@altervista.org,6140,Male,188.169.160.107
997,Emmerich,MacVaugh,emacvaughro@lulu.com,6941,Male,79.134.78.140
998,Rowan,Macveigh,rmacveighrp@shop-pro.jp,6266,Male,220.47.77.184
999,Langston,Bulfoot,lbulfootrq@taobao.com,6678,Male,73.122.33.45
1000,Valma,Brogan,vbroganrr@opera.com,7468,Female,194.73.25.60
